# thermoType,mixture,equationOfState,thermo,transport
heRhoThermo,mixture,constant,constant,constant
heRhoThermo,mixture,polynomial,polynomial,polynomial
heRhoThermo,mixture,incompressiblePerfectGas,constant,constant
heRhoThermo,mixture,incompressiblePerfectGas,janaf,sutherland
heRhoThermo,mixture,perfectFluid,constant,constant
heRhoThermo,mixture,perfectGas,constant,constant
heRhoThermo,mixture,perfectGas,janaf,polynomial
heRhoThermo,mixture,perfectGas,janaf,sutherland
heRhoThermo,mixture,constant,constant,cross
heRhoThermo,mixture,constant,constant,herschelBulkley
heRhoThermo,mixture,constant,constant,carreau
heRhoThermo,mixture,constant,constant,nonNewtonianPowerLaw
heRhoThermo,nonmixture,boussinesq,constant,constant
heRhoThermo,nonmixture,boussinesq,constant,sutherland
heRhoThermo,nonmixture,boussinesq,janaf,sutherland
heRhoThermo,nonmixture,constant,constant,constant
heRhoThermo,nonmixture,polynomial,polynomial,polynomial
heRhoThermo,nonmixture,polynomial,polynomial,table
heRhoThermo,nonmixture,table,constant,constant
heRhoThermo,nonmixture,table,constant,sutherland
heRhoThermo,nonmixture,table,polynomial,polynomial
heRhoThermo,nonmixture,table,table,table
heRhoThermo,nonmixture,table,janaf,sutherland
heRhoThermo,nonmixture,table,janaf,table
heRhoThermo,nonmixture,incompressiblePerfectGas,constant,constant
heRhoThermo,nonmixture,incompressiblePerfectGas,constant,sutherland
heRhoThermo,nonmixture,incompressiblePerfectGas,polynomial,polynomial
heRhoThermo,nonmixture,incompressiblePerfectGas,janaf,sutherland
heRhoThermo,nonmixture,PengRobinsonGas,constant,sutherland
heRhoThermo,nonmixture,PengRobinsonGas,polynomial,polynomial
heRhoThermo,nonmixture,PengRobinsonGas,janaf,polynomial
heRhoThermo,nonmixture,perfectFluid,constant,constant
heRhoThermo,nonmixture,perfectGas,constant,constant
heRhoThermo,nonmixture,perfectGas,constant,sutherland
heRhoThermo,nonmixture,perfectGas,polynomial,polynomial
heRhoThermo,nonmixture,perfectGas,table,table
heRhoThermo,nonmixture,perfectGas,janaf,sutherland
heRhoThermo,nonmixture,constant,constant,cross
heRhoThermo,nonmixture,constant,constant,herschelBulkley
heRhoThermo,nonmixture,constant,constant,carreau
heRhoThermo,nonmixture,constant,constant,nonNewtonianPowerLaw
heSolidThermo,nonmixture,constant,constant,constant
heSolidThermo,nonmixture,polynomial,polynomial,polynomial
heSolidThermo,nonmixture,constant,polynomial,polynomial
heSolidThermo,nonmixture,polynomial,table,table
heSolidThermo,nonmixture,table,table,table
